分類,地址,文案,圖片
商用,信義路一段101號,位於信義計畫區核心位置
高級辦公室 採光極佳
近松菸新光三越
適合科技新創、金融保險公司,https://images.unsplash.com/photo-1497366216548-37526070297c?w=500|https://images.unsplash.com/photo-1552664730-d307ca884978?w=500
住用,敦化南路二段,舒適兩房公寓
近忠孝敦化捷運站
格局方正 採光充足
社區安全管理完善,https://images.unsplash.com/photo-1502672260266-1c1ef2d93688?w=500|https://images.unsplash.com/photo-1560448204-e02f11c3d0e2?w=500
商用,大安路一段,精品商務空間
頂樓挑高 可改隔間
近捷運站 人流旺盛,https://images.unsplash.com/photo-1486406146926-c627a92ad1ab?w=500
住用,新竹科學園區,新竹園區附近住宅
精裝修 家電俱全
距離園區5分鐘車程,https://images.unsplash.com/photo-1494145904049-0dca7b0589b0?w=500